"user_id","gender","age","occu","sign","is_indunk","is_student","is_education","is_technology"
3991108,1,17,"indUnk","Leo",1,NA,NA,NA
3417138,1,25,"Communications-Media","Taurus",0,0,NA,NA
3673414,0,14,"Student","Scorpio",0,1,NA,NA
3361075,1,16,"Student","Capricorn",0,1,NA,NA
4115327,1,14,"indUnk","Libra",1,NA,NA,NA
3549541,1,16,"Student","Gemini",0,1,NA,NA
3750679,1,46,"indUnk","Libra",1,NA,NA,NA
3600011,0,43,"Technology","Cancer",0,0,NA,NA
3469665,1,23,"Military","Taurus",0,0,NA,NA
4074230,0,35,"Technology","Pisces",0,0,NA,NA
715237,0,26,"indUnk","Virgo",1,NA,NA,NA
3295265,0,23,"Consulting","Gemini",0,0,NA,NA
791840,0,38,"Student","Aries",0,1,NA,NA
3544826,1,37,"Fashion","Sagittarius",0,0,NA,NA
3711805,0,23,"indUnk","Aries",1,NA,NA,NA
4216216,1,39,"indUnk","Leo",1,NA,NA,NA
3991209,1,14,"Student","Pisces",0,1,NA,NA
1077954,0,26,"indUnk","Gemini",1,NA,NA,NA
3358293,1,26,"indUnk","Scorpio",1,NA,NA,NA
4190982,0,17,"Engineering","Sagittarius",0,0,NA,NA
3671580,0,24,"Student","Leo",0,1,NA,NA
3155970,1,24,"Science","Sagittarius",0,0,NA,NA
1636406,0,23,"Student","Scorpio",0,1,NA,NA
2935790,0,16,"Student","Taurus",0,1,NA,NA
4263309,1,48,"Fashion","Pisces",0,0,NA,NA
4220141,1,15,"indUnk","Leo",1,NA,NA,NA
2300555,1,24,"indUnk","Libra",1,NA,NA,NA
3498277,1,13,"indUnk","Pisces",1,NA,NA,NA
2678611,0,16,"Student","Capricorn",0,1,NA,NA
1234212,0,27,"indUnk","Taurus",1,NA,NA,NA
3808913,1,25,"Arts","Capricorn",0,0,NA,NA
3983686,1,27,"Non-Profit","Capricorn",0,0,NA,NA
3838040,0,17,"Engineering","Cancer",0,0,NA,NA
4142807,1,17,"Student","Capricorn",0,1,NA,NA
4075308,1,15,"Student","Scorpio",0,1,NA,NA
3421075,0,23,"Technology","Cancer",0,0,NA,NA
4045197,1,17,"indUnk","Gemini",1,NA,NA,NA
3913126,0,26,"Communications-Media","Taurus",0,0,NA,NA
3396638,1,47,"indUnk","Pisces",1,NA,NA,NA
1305545,0,34,"indUnk","Aquarius",1,NA,NA,NA
3560320,0,46,"Manufacturing","Libra",0,0,NA,NA
3753830,1,13,"Student","Capricorn",0,1,NA,NA
3659117,1,36,"Marketing","Cancer",0,0,NA,NA
3558382,1,40,"indUnk","Aquarius",1,NA,NA,NA
3779062,1,24,"indUnk","Leo",1,NA,NA,NA
3734069,1,24,"indUnk","Scorpio",1,NA,NA,NA
3646978,1,35,"indUnk","Virgo",1,NA,NA,NA
3307733,1,26,"Manufacturing","Sagittarius",0,0,NA,NA
3146636,1,48,"indUnk","Pisces",1,NA,NA,NA
3785626,1,15,"Student","Taurus",0,1,NA,NA
4031020,1,27,"Marketing","Cancer",0,0,NA,NA
4298922,1,27,"Marketing","Virgo",0,0,NA,NA
1969237,0,43,"Sports-Recreation","Cancer",0,0,NA,NA
4128156,0,47,"Consulting","Gemini",0,0,NA,NA
3418455,0,26,"Student","Gemini",0,1,NA,NA
4166693,1,24,"Education","Cancer",0,0,NA,NA
3415194,1,45,"Government","Sagittarius",0,0,NA,NA
1232458,1,38,"indUnk","Cancer",1,NA,NA,NA
3782048,0,16,"indUnk","Aquarius",1,NA,NA,NA
3694314,1,16,"indUnk","Cancer",1,NA,NA,NA
3823631,1,37,"Marketing","Cancer",0,0,NA,NA
3374253,0,26,"Telecommunications","Libra",0,0,NA,NA
3509206,1,17,"Student","Cancer",0,1,NA,NA
3596192,0,40,"Technology","Scorpio",0,0,NA,NA
3816397,1,42,"Technology","Virgo",0,0,NA,NA
2680773,0,24,"Communications-Media","Gemini",0,0,NA,NA
4040811,1,23,"indUnk","Cancer",1,NA,NA,NA
1401816,0,40,"indUnk","Pisces",1,NA,NA,NA
3155540,1,24,"Communications-Media","Sagittarius",0,0,NA,NA
4248100,0,14,"Student","Aquarius",0,1,NA,NA
3483901,1,23,"indUnk","Taurus",1,NA,NA,NA
3634853,0,44,"Technology","Virgo",0,0,NA,NA
4184832,1,36,"indUnk","Cancer",1,NA,NA,NA
3038828,1,24,"indUnk","Aries",1,NA,NA,NA
1960271,0,35,"Internet","Aries",0,0,NA,NA
2224636,1,17,"indUnk","Aries",1,NA,NA,NA
3306195,0,33,"indUnk","Leo",1,NA,NA,NA
3972268,0,17,"Science","Leo",0,0,NA,NA
3679805,1,15,"Student","Virgo",0,1,NA,NA
3663542,0,23,"Student","Cancer",0,1,NA,NA
3471824,1,16,"Student","Scorpio",0,1,NA,NA
3921381,1,27,"Technology","Cancer",0,0,NA,NA
3599631,0,24,"Technology","Gemini",0,0,NA,NA
4096204,1,17,"indUnk","Scorpio",1,NA,NA,NA
4056798,1,14,"Student","Virgo",0,1,NA,NA
3539593,0,23,"Technology","Cancer",0,0,NA,NA
3463885,0,42,"indUnk","Gemini",1,NA,NA,NA
4149935,0,15,"Student","Capricorn",0,1,NA,NA
3856641,0,27,"Arts","Aries",0,0,NA,NA
4308812,1,24,"Communications-Media","Aries",0,0,NA,NA
4162840,0,17,"indUnk","Virgo",1,NA,NA,NA
4210644,1,14,"Student","Leo",0,1,NA,NA
1785539,0,24,"Science","Scorpio",0,0,NA,NA
3877108,1,27,"Student","Pisces",0,1,NA,NA
4121917,1,15,"Student","Aries",0,1,NA,NA
3749228,0,13,"indUnk","Taurus",1,NA,NA,NA
3130162,0,26,"Banking","Virgo",0,0,NA,NA
4023489,1,25,"indUnk","Taurus",1,NA,NA,NA
3784161,1,17,"Student","Leo",0,1,NA,NA
2880960,0,34,"Communications-Media","Pisces",0,0,NA,NA
3759734,1,27,"Student","Leo",0,1,NA,NA
3924062,0,17,"Non-Profit","Capricorn",0,0,NA,NA
2311511,0,13,"indUnk","Taurus",1,NA,NA,NA
1808929,0,23,"Student","Leo",0,1,NA,NA
4310425,1,27,"indUnk","Aries",1,NA,NA,NA
3986257,1,15,"Student","Gemini",0,1,NA,NA
3992688,0,27,"Government","Virgo",0,0,NA,NA
1807720,1,16,"Student","Leo",0,1,NA,NA
3840157,1,14,"Student","Scorpio",0,1,NA,NA
3125462,0,15,"Student","Taurus",0,1,NA,NA
2607577,1,27,"Religion","Aquarius",0,0,NA,NA
2967519,1,17,"Student","Gemini",0,1,NA,NA
1298865,1,39,"indUnk","Aquarius",1,NA,NA,NA
4132315,0,15,"indUnk","Aries",1,NA,NA,NA
3889796,0,14,"indUnk","Pisces",1,NA,NA,NA
3532367,0,33,"Education","Aries",0,0,NA,NA
1733718,1,24,"Student","Virgo",0,1,NA,NA
4022192,1,17,"Student","Gemini",0,1,NA,NA
3069909,1,35,"HumanResources","Virgo",0,0,NA,NA
3595127,1,23,"Communications-Media","Cancer",0,0,NA,NA
3861317,1,25,"Government","Aries",0,0,NA,NA
3487773,1,24,"indUnk","Gemini",1,NA,NA,NA
3170057,1,26,"Communications-Media","Gemini",0,0,NA,NA
3590306,1,23,"Accounting","Scorpio",0,0,NA,NA
3339644,0,26,"Internet","Capricorn",0,0,NA,NA
3533397,1,17,"Internet","Virgo",0,0,NA,NA
3879020,0,24,"indUnk","Sagittarius",1,NA,NA,NA
4129852,0,17,"Student","Aries",0,1,NA,NA
2831727,1,25,"indUnk","Aries",1,NA,NA,NA
4163223,0,23,"Technology","Pisces",0,0,NA,NA
3463044,1,37,"indUnk","Pisces",1,NA,NA,NA
3476799,0,24,"indUnk","Leo",1,NA,NA,NA
3191071,1,14,"indUnk","Gemini",1,NA,NA,NA
1359631,0,26,"Internet","Cancer",0,0,NA,NA
4259479,0,17,"RealEstate","Libra",0,0,NA,NA
3905963,1,23,"Consulting","Taurus",0,0,NA,NA
3911122,1,13,"indUnk","Taurus",1,NA,NA,NA
671748,0,27,"Communications-Media","Aries",0,0,NA,NA
3869854,0,33,"Marketing","Sagittarius",0,0,NA,NA
4077627,0,44,"Telecommunications","Scorpio",0,0,NA,NA
3839683,1,23,"Student","Pisces",0,1,NA,NA
3938699,0,17,"Student","Taurus",0,1,NA,NA
3388444,0,24,"Communications-Media","Leo",0,0,NA,NA
4248403,0,27,"indUnk","Cancer",1,NA,NA,NA
3893150,0,16,"Student","Virgo",0,1,NA,NA
3206777,0,24,"Education","Libra",0,0,NA,NA
3821963,1,15,"Student","Leo",0,1,NA,NA
3735544,1,13,"Student","Libra",0,1,NA,NA
1007188,0,48,"Religion","Libra",0,0,NA,NA
3936941,0,26,"Consulting","Aquarius",0,0,NA,NA
4067087,1,39,"Education","Leo",0,0,NA,NA
3320022,0,26,"Telecommunications","Gemini",0,0,NA,NA
3311843,0,41,"indUnk","Libra",1,NA,NA,NA
3466740,1,23,"indUnk","Virgo",1,NA,NA,NA
4044445,1,40,"indUnk","Virgo",1,NA,NA,NA
3677153,0,15,"indUnk","Leo",1,NA,NA,NA
3485630,1,15,"Arts","Aries",0,0,NA,NA
3624333,1,37,"indUnk","Gemini",1,NA,NA,NA
1788355,0,24,"indUnk","Taurus",1,NA,NA,NA
3811749,1,26,"indUnk","Virgo",1,NA,NA,NA
3851968,1,14,"indUnk","Cancer",1,NA,NA,NA
3417999,0,33,"Non-Profit","Virgo",0,0,NA,NA
3853532,1,35,"HumanResources","Aquarius",0,0,NA,NA
3877932,0,23,"Student","Aquarius",0,1,NA,NA
1729882,0,48,"Education","Taurus",0,0,NA,NA
4015298,1,42,"indUnk","Taurus",1,NA,NA,NA
4178914,0,17,"indUnk","Aquarius",1,NA,NA,NA
4008193,1,17,"Student","Gemini",0,1,NA,NA
3554687,0,15,"indUnk","Taurus",1,NA,NA,NA
1261679,1,16,"indUnk","Gemini",1,NA,NA,NA
4280767,1,16,"Student","Gemini",0,1,NA,NA
4115407,1,14,"Student","Capricorn",0,1,NA,NA
3186371,0,27,"Law","Taurus",0,0,NA,NA
3767607,0,40,"HumanResources","Capricorn",0,0,NA,NA
3607694,1,23,"indUnk","Leo",1,NA,NA,NA
2862007,1,23,"indUnk","Capricorn",1,NA,NA,NA
4213470,0,13,"Student","Libra",0,1,NA,NA
4102045,1,17,"indUnk","Gemini",1,NA,NA,NA
4264876,1,15,"indUnk","Capricorn",1,NA,NA,NA
4075835,1,27,"Construction","Scorpio",0,0,NA,NA
4052552,0,16,"indUnk","Gemini",1,NA,NA,NA
3970154,1,23,"Student","Pisces",0,1,NA,NA
4173841,1,43,"indUnk","Gemini",1,NA,NA,NA
3291131,0,25,"indUnk","Taurus",1,NA,NA,NA
3413707,0,15,"Chemicals","Taurus",0,0,NA,NA
2813430,0,33,"indUnk","Taurus",1,NA,NA,NA
3883177,0,35,"Technology","Scorpio",0,0,NA,NA
1629718,0,27,"Technology","Libra",0,0,NA,NA
3672170,0,36,"Internet","Scorpio",0,0,NA,NA
734023,1,14,"Student","Cancer",0,1,NA,NA
3860353,1,24,"indUnk","Gemini",1,NA,NA,NA
3935450,1,25,"Arts","Aries",0,0,NA,NA
4184856,0,14,"Non-Profit","Capricorn",0,0,NA,NA
3558845,1,26,"indUnk","Pisces",1,NA,NA,NA
3306314,0,24,"Student","Taurus",0,1,NA,NA
3394208,0,17,"Student","Capricorn",0,1,NA,NA
4216577,1,38,"indUnk","Cancer",1,NA,NA,NA
2568090,1,24,"indUnk","Scorpio",1,NA,NA,NA
3823807,1,14,"indUnk","Virgo",1,NA,NA,NA
4235996,0,15,"Student","Taurus",0,1,NA,NA
3367343,1,17,"indUnk","Capricorn",1,NA,NA,NA
4169661,1,41,"HumanResources","Aquarius",0,0,NA,NA
3482840,1,13,"Student","Leo",0,1,NA,NA
3460713,1,17,"Arts","Leo",0,0,NA,NA
3674747,0,16,"Student","Aries",0,1,NA,NA
3699086,0,16,"indUnk","Pisces",1,NA,NA,NA
4152098,0,26,"indUnk","Scorpio",1,NA,NA,NA
3443396,1,16,"Student","Gemini",0,1,NA,NA
3371255,0,15,"Student","Pisces",0,1,NA,NA
1980443,0,16,"Student","Virgo",0,1,NA,NA
3326628,1,23,"indUnk","Capricorn",1,NA,NA,NA
3215937,1,26,"Accounting","Cancer",0,0,NA,NA
3838218,0,13,"Student","Virgo",0,1,NA,NA
3287144,0,16,"Student","Sagittarius",0,1,NA,NA
828778,0,23,"Sports-Recreation","Sagittarius",0,0,NA,NA
2818788,1,16,"Student","Sagittarius",0,1,NA,NA
3072650,0,14,"indUnk","Sagittarius",1,NA,NA,NA
3712913,0,15,"Student","Virgo",0,1,NA,NA
3723692,0,25,"Technology","Virgo",0,0,NA,NA
4129418,1,34,"indUnk","Virgo",1,NA,NA,NA
3802286,0,23,"indUnk","Capricorn",1,NA,NA,NA
3888166,1,13,"Military","Aries",0,0,NA,NA
3549714,1,24,"Education","Virgo",0,0,NA,NA
3806796,0,27,"Arts","Pisces",0,0,NA,NA
3764220,1,14,"Student","Virgo",0,1,NA,NA
3950869,1,17,"Student","Virgo",0,1,NA,NA
3321866,0,15,"Student","Sagittarius",0,1,NA,NA
3785845,1,15,"Arts","Aries",0,0,NA,NA
3478510,0,16,"Student","Aries",0,1,NA,NA
4320505,1,33,"indUnk","Sagittarius",1,NA,NA,NA
3068590,0,45,"Technology","Virgo",0,0,NA,NA
3785275,1,26,"indUnk","Pisces",1,NA,NA,NA
3407290,0,37,"Engineering","Leo",0,0,NA,NA
4188274,1,16,"Student","Gemini",0,1,NA,NA
3505165,0,14,"Student","Cancer",0,1,NA,NA
3759312,0,24,"Arts","Cancer",0,0,NA,NA
4287218,1,26,"indUnk","Gemini",1,NA,NA,NA
2977760,1,14,"indUnk","Libra",1,NA,NA,NA
3866526,0,26,"indUnk","Aquarius",1,NA,NA,NA
4116584,0,16,"Museums-Libraries","Cancer",0,0,NA,NA
3992573,1,26,"indUnk","Aquarius",1,NA,NA,NA
3446654,0,25,"Telecommunications","Cancer",0,0,NA,NA
3659651,0,17,"Student","Aquarius",0,1,NA,NA
3451166,0,17,"indUnk","Aquarius",1,NA,NA,NA
4296269,1,27,"Publishing","Capricorn",0,0,NA,NA
3831350,0,26,"Manufacturing","Capricorn",0,0,NA,NA
3377942,1,24,"indUnk","Libra",1,NA,NA,NA
3983707,1,13,"Student","Scorpio",0,1,NA,NA
3432308,1,25,"Education","Cancer",0,0,NA,NA
2539406,0,23,"Government","Cancer",0,0,NA,NA
3416335,0,16,"indUnk","Capricorn",1,NA,NA,NA
3354517,1,16,"Student","Aries",0,1,NA,NA
3819668,1,25,"Marketing","Pisces",0,0,NA,NA
4188004,1,17,"Student","Taurus",0,1,NA,NA
669116,1,26,"indUnk","Gemini",1,NA,NA,NA
2753052,1,14,"Student","Scorpio",0,1,NA,NA
4128797,0,27,"Technology","Sagittarius",0,0,NA,NA
4189257,0,25,"Religion","Pisces",0,0,NA,NA
3384726,0,17,"indUnk","Aquarius",1,NA,NA,NA
882528,0,17,"indUnk","Gemini",1,NA,NA,NA
4325889,0,14,"Student","Scorpio",0,1,NA,NA
3768397,1,23,"indUnk","Capricorn",1,NA,NA,NA
3000240,0,17,"Student","Taurus",0,1,NA,NA
4238152,0,14,"Student","Capricorn",0,1,NA,NA
3490316,1,24,"LawEnforcement-Security","Aries",0,0,NA,NA
2428393,1,17,"indUnk","Aquarius",1,NA,NA,NA
3678942,1,15,"Student","Cancer",0,1,NA,NA
3729846,0,17,"Student","Sagittarius",0,1,NA,NA
4210703,0,26,"indUnk","Capricorn",1,NA,NA,NA
3739942,1,15,"indUnk","Libra",1,NA,NA,NA
1778579,0,23,"indUnk","Gemini",1,NA,NA,NA
3670354,0,17,"indUnk","Leo",1,NA,NA,NA
3693380,1,14,"Fashion","Capricorn",0,0,NA,NA
3522772,1,27,"Government","Leo",0,0,NA,NA
3572381,0,40,"indUnk","Virgo",1,NA,NA,NA
3293519,0,25,"Consulting","Leo",0,0,NA,NA
3646377,0,25,"Sports-Recreation","Cancer",0,0,NA,NA
4122943,1,14,"Student","Leo",0,1,NA,NA
4220994,1,25,"indUnk","Virgo",1,NA,NA,NA
4075064,0,23,"indUnk","Sagittarius",1,NA,NA,NA
1902121,1,27,"Engineering","Taurus",0,0,NA,NA
1987893,1,38,"indUnk","Capricorn",1,NA,NA,NA
3527113,0,26,"Banking","Gemini",0,0,NA,NA
2876677,0,17,"Student","Aries",0,1,NA,NA
4238006,0,16,"indUnk","Sagittarius",1,NA,NA,NA
3505043,1,26,"indUnk","Pisces",1,NA,NA,NA
3993797,1,16,"Student","Libra",0,1,NA,NA
3848892,0,16,"indUnk","Libra",1,NA,NA,NA
3599769,1,23,"Student","Libra",0,1,NA,NA
3304415,0,25,"indUnk","Virgo",1,NA,NA,NA
1111991,1,33,"indUnk","Taurus",1,NA,NA,NA
3348160,0,24,"Government","Leo",0,0,NA,NA
3356970,0,41,"Science","Gemini",0,0,NA,NA
4038842,0,26,"indUnk","Libra",1,NA,NA,NA
3779963,1,16,"Arts","Virgo",0,0,NA,NA
2726395,1,41,"Technology","Leo",0,0,NA,NA
4055499,1,24,"Student","Aries",0,1,NA,NA
3454992,0,33,"Technology","Libra",0,0,NA,NA
3962812,0,17,"indUnk","Scorpio",1,NA,NA,NA
4060980,0,16,"indUnk","Libra",1,NA,NA,NA
3829312,0,27,"indUnk","Gemini",1,NA,NA,NA
3900039,1,17,"Student","Leo",0,1,NA,NA
3375539,0,17,"Student","Aries",0,1,NA,NA
3392887,1,24,"Science","Libra",0,0,NA,NA
3736053,0,24,"Arts","Aries",0,0,NA,NA
4166300,0,17,"Student","Taurus",0,1,NA,NA
3632734,0,26,"Internet","Capricorn",0,0,NA,NA
3987879,0,34,"indUnk","Scorpio",1,NA,NA,NA
3114279,0,24,"Student","Taurus",0,1,NA,NA
3592700,1,25,"indUnk","Capricorn",1,NA,NA,NA
4060812,1,17,"indUnk","Virgo",1,NA,NA,NA
3831024,0,23,"Student","Pisces",0,1,NA,NA
3699072,1,23,"indUnk","Sagittarius",1,NA,NA,NA
1503551,0,27,"Education","Sagittarius",0,0,NA,NA
2246318,0,25,"Telecommunications","Libra",0,0,NA,NA
3969316,1,33,"Internet","Aries",0,0,NA,NA
4201404,0,27,"indUnk","Cancer",1,NA,NA,NA
3682262,1,15,"indUnk","Gemini",1,NA,NA,NA
1240274,0,23,"Communications-Media","Gemini",0,0,NA,NA
3403051,0,26,"Telecommunications","Leo",0,0,NA,NA
4151959,1,14,"indUnk","Gemini",1,NA,NA,NA
3722833,0,15,"Student","Libra",0,1,NA,NA
3561749,1,15,"Education","Capricorn",0,0,NA,NA
4224299,1,17,"Fashion","Scorpio",0,0,NA,NA
3594873,1,16,"Student","Scorpio",0,1,NA,NA
3448540,1,17,"indUnk","Virgo",1,NA,NA,NA
3663701,1,27,"Communications-Media","Cancer",0,0,NA,NA
3466592,0,25,"indUnk","Pisces",1,NA,NA,NA
4312209,1,16,"indUnk","Virgo",1,NA,NA,NA
3356583,0,15,"Student","Leo",0,1,NA,NA
4252081,0,26,"Arts","Libra",0,0,NA,NA
2166338,0,17,"Student","Libra",0,1,NA,NA
3386981,0,27,"indUnk","Cancer",1,NA,NA,NA
3400445,1,24,"Advertising","Leo",0,0,NA,NA
3522747,0,36,"indUnk","Taurus",1,NA,NA,NA
4158987,1,13,"Student","Libra",0,1,NA,NA
3984120,0,26,"Advertising","Sagittarius",0,0,NA,NA
3659024,0,34,"Technology","Aquarius",0,0,NA,NA
3757297,1,27,"Student","Pisces",0,1,NA,NA
3829063,0,23,"indUnk","Taurus",1,NA,NA,NA
3986767,0,40,"Internet","Sagittarius",0,0,NA,NA
2308025,0,23,"Law","Libra",0,0,NA,NA
3353979,0,15,"Student","Sagittarius",0,1,NA,NA
4027311,0,39,"Technology","Sagittarius",0,0,NA,NA
3475992,1,33,"indUnk","Libra",1,NA,NA,NA
3546623,1,42,"indUnk","Libra",1,NA,NA,NA
1488330,0,17,"Non-Profit","Pisces",0,0,NA,NA
3601175,1,15,"indUnk","Gemini",1,NA,NA,NA
3802748,1,26,"indUnk","Scorpio",1,NA,NA,NA
3672882,0,16,"indUnk","Gemini",1,NA,NA,NA
4227656,1,23,"indUnk","Cancer",1,NA,NA,NA
4177430,0,16,"Student","Virgo",0,1,NA,NA
3819051,0,14,"Student","Leo",0,1,NA,NA
3460990,1,27,"Education","Aquarius",0,0,NA,NA
4074186,0,25,"indUnk","Cancer",1,NA,NA,NA
4288065,1,40,"indUnk","Taurus",1,NA,NA,NA
4216034,0,37,"Technology","Taurus",0,0,NA,NA
3873570,1,34,"Education","Capricorn",0,0,NA,NA
216833,0,24,"Student","Scorpio",0,1,NA,NA
3858126,1,26,"Education","Capricorn",0,0,NA,NA
4151531,0,25,"indUnk","Virgo",1,NA,NA,NA
1758432,1,23,"Engineering","Taurus",0,0,NA,NA
3667367,1,25,"Non-Profit","Leo",0,0,NA,NA
517266,0,36,"Education","Virgo",0,0,NA,NA
3984458,0,17,"Science","Sagittarius",0,0,NA,NA
3605346,1,25,"Government","Taurus",0,0,NA,NA
3343294,1,25,"indUnk","Cancer",1,NA,NA,NA
3360363,1,23,"Student","Capricorn",0,1,NA,NA
2284476,0,17,"indUnk","Taurus",1,NA,NA,NA
1223561,0,23,"Engineering","Cancer",0,0,NA,NA
832265,0,27,"Technology","Libra",0,0,NA,NA
3997213,0,15,"Student","Aquarius",0,1,NA,NA
3569294,1,43,"Education","Gemini",0,0,NA,NA
2259900,0,26,"Marketing","Taurus",0,0,NA,NA
2033616,1,17,"Student","Virgo",0,1,NA,NA
28451,0,27,"Internet","Aquarius",0,0,NA,NA
3878251,1,25,"Construction","Pisces",0,0,NA,NA
3525639,1,24,"LawEnforcement-Security","Scorpio",0,0,NA,NA
3735538,0,14,"Student","Scorpio",0,1,NA,NA
3813860,1,24,"indUnk","Sagittarius",1,NA,NA,NA
3723398,0,25,"Technology","Leo",0,0,NA,NA
4225684,0,17,"Student","Sagittarius",0,1,NA,NA
4082385,0,26,"indUnk","Aquarius",1,NA,NA,NA
3197709,0,24,"indUnk","Taurus",1,NA,NA,NA
3022585,1,27,"Education","Aquarius",0,0,NA,NA
4170329,1,23,"Education","Aries",0,0,NA,NA
3596048,1,16,"indUnk","Leo",1,NA,NA,NA
3958372,1,33,"Communications-Media","Virgo",0,0,NA,NA
4108638,0,25,"Student","Scorpio",0,1,NA,NA
3644129,1,24,"Tourism","Virgo",0,0,NA,NA
3921274,0,23,"Communications-Media","Cancer",0,0,NA,NA
3999305,0,16,"Student","Aries",0,1,NA,NA
3994464,1,36,"Consulting","Sagittarius",0,0,NA,NA
3760558,0,36,"Manufacturing","Aquarius",0,0,NA,NA
743739,0,24,"Student","Sagittarius",0,1,NA,NA
3738552,0,23,"Telecommunications","Capricorn",0,0,NA,NA
4271205,1,26,"indUnk","Pisces",1,NA,NA,NA
3690855,0,25,"Student","Leo",0,1,NA,NA
3541469,0,13,"indUnk","Scorpio",1,NA,NA,NA
3295677,1,43,"Technology","Scorpio",0,0,NA,NA
4108942,0,17,"indUnk","Sagittarius",1,NA,NA,NA
4325536,1,25,"indUnk","Leo",1,NA,NA,NA
3489768,1,13,"Student","Aries",0,1,NA,NA
2882045,0,15,"Student","Sagittarius",0,1,NA,NA
3850561,1,24,"indUnk","Scorpio",1,NA,NA,NA
3403602,0,15,"Education","Scorpio",0,0,NA,NA
3354778,0,17,"Student","Pisces",0,1,NA,NA
3989154,0,33,"Non-Profit","Aries",0,0,NA,NA
3529951,1,16,"indUnk","Libra",1,NA,NA,NA
3409476,1,36,"Education","Aquarius",0,0,NA,NA
3940997,1,23,"Student","Aries",0,1,NA,NA
4052055,1,35,"indUnk","Leo",1,NA,NA,NA
4196591,1,15,"indUnk","Leo",1,NA,NA,NA
4075808,1,35,"indUnk","Virgo",1,NA,NA,NA
4274229,1,14,"Student","Scorpio",0,1,NA,NA
4007735,0,17,"Student","Capricorn",0,1,NA,NA
3771600,1,14,"Student","Virgo",0,1,NA,NA
4202671,0,17,"Student","Gemini",0,1,NA,NA
3966870,0,23,"Technology","Virgo",0,0,NA,NA
2952444,0,13,"indUnk","Aries",1,NA,NA,NA
3737807,1,17,"indUnk","Virgo",1,NA,NA,NA
3577655,1,17,"indUnk","Leo",1,NA,NA,NA
3650974,0,23,"Student","Scorpio",0,1,NA,NA
3496773,0,24,"indUnk","Taurus",1,NA,NA,NA
3485073,0,15,"Education","Virgo",0,0,NA,NA
4068475,0,17,"indUnk","Gemini",1,NA,NA,NA
3441506,1,26,"indUnk","Pisces",1,NA,NA,NA
3680589,1,35,"Arts","Libra",0,0,NA,NA
3886562,0,23,"Student","Taurus",0,1,NA,NA
3753470,0,15,"Student","Pisces",0,1,NA,NA
3618866,1,14,"indUnk","Virgo",1,NA,NA,NA
3380464,0,48,"Communications-Media","Libra",0,0,NA,NA
3411285,1,26,"indUnk","Libra",1,NA,NA,NA
3668030,1,23,"Student","Cancer",0,1,NA,NA
4236023,0,17,"Student","Taurus",0,1,NA,NA
3501362,0,25,"indUnk","Aquarius",1,NA,NA,NA
4024747,1,24,"indUnk","Aquarius",1,NA,NA,NA
4109605,1,15,"Student","Leo",0,1,NA,NA
1668565,0,40,"indUnk","Aries",1,NA,NA,NA
3400091,1,23,"Law","Aquarius",0,0,NA,NA
3587934,1,25,"Education","Aries",0,0,NA,NA
4027719,1,23,"Biotech","Aries",0,0,NA,NA
3434961,0,24,"indUnk","Pisces",1,NA,NA,NA
3573678,1,24,"Technology","Sagittarius",0,0,NA,NA
4277394,0,13,"Student","Scorpio",0,1,NA,NA
3576839,0,27,"Military","Virgo",0,0,NA,NA
3196705,0,24,"indUnk","Scorpio",1,NA,NA,NA
2747575,0,17,"Student","Taurus",0,1,NA,NA
3887824,1,16,"Student","Pisces",0,1,NA,NA
1143104,0,23,"Student","Gemini",0,1,NA,NA
3364899,0,17,"Student","Sagittarius",0,1,NA,NA
3509141,1,16,"Student","Cancer",0,1,NA,NA
3551359,0,23,"Communications-Media","Cancer",0,0,NA,NA
1270372,1,33,"Manufacturing","Aries",0,0,NA,NA
1197086,0,16,"Student","Aries",0,1,NA,NA
4242799,1,26,"Transportation","Virgo",0,0,NA,NA
3828451,1,16,"Student","Leo",0,1,NA,NA
3771668,0,25,"Automotive","Libra",0,0,NA,NA
3572119,1,17,"Arts","Sagittarius",0,0,NA,NA
3719233,0,37,"indUnk","Pisces",1,NA,NA,NA
3835889,0,17,"Student","Cancer",0,1,NA,NA
3851365,1,45,"Education","Cancer",0,0,NA,NA
3324571,1,36,"indUnk","Sagittarius",1,NA,NA,NA
3139191,0,16,"indUnk","Aquarius",1,NA,NA,NA
3961625,0,14,"Student","Sagittarius",0,1,NA,NA
3536867,0,17,"Student","Aquarius",0,1,NA,NA
3655970,0,17,"Religion","Sagittarius",0,0,NA,NA
4055095,0,33,"Government","Pisces",0,0,NA,NA
3354828,0,16,"Internet","Gemini",0,0,NA,NA
3560141,1,26,"Student","Scorpio",0,1,NA,NA
3769478,0,24,"indUnk","Virgo",1,NA,NA,NA
3767918,0,15,"Technology","Capricorn",0,0,NA,NA
3320342,1,23,"indUnk","Pisces",1,NA,NA,NA
4219169,1,14,"Student","Capricorn",0,1,NA,NA
3556477,1,25,"indUnk","Libra",1,NA,NA,NA
4078761,1,35,"Religion","Taurus",0,0,NA,NA
3907553,1,24,"indUnk","Aries",1,NA,NA,NA
3669958,0,24,"indUnk","Scorpio",1,NA,NA,NA
4204123,1,16,"indUnk","Scorpio",1,NA,NA,NA
3443825,0,25,"indUnk","Aries",1,NA,NA,NA
4049195,0,17,"Student","Scorpio",0,1,NA,NA
3977680,1,16,"indUnk","Scorpio",1,NA,NA,NA
3732960,0,17,"Student","Sagittarius",0,1,NA,NA
2645566,1,16,"Student","Virgo",0,1,NA,NA
3471722,1,14,"indUnk","Capricorn",1,NA,NA,NA
4174428,0,24,"Education","Capricorn",0,0,NA,NA
4185342,1,23,"indUnk","Gemini",1,NA,NA,NA
4127857,1,17,"Student","Gemini",0,1,NA,NA
3828283,0,14,"indUnk","Cancer",1,NA,NA,NA
4257430,1,16,"Student","Aquarius",0,1,NA,NA
3343256,0,23,"indUnk","Virgo",1,NA,NA,NA
3879492,0,14,"Student","Cancer",0,1,NA,NA
3363036,1,23,"indUnk","Aries",1,NA,NA,NA
4279253,1,42,"indUnk","Aries",1,NA,NA,NA
1223044,0,16,"indUnk","Sagittarius",1,NA,NA,NA
1374061,0,34,"indUnk","Gemini",1,NA,NA,NA
3051898,1,16,"Student","Taurus",0,1,NA,NA
3426788,0,23,"Technology","Scorpio",0,0,NA,NA
4008178,0,14,"Student","Virgo",0,1,NA,NA
3792567,1,35,"Transportation","Aquarius",0,0,NA,NA
4015188,0,35,"Arts","Cancer",0,0,NA,NA
3957657,0,16,"Student","Virgo",0,1,NA,NA
3601759,0,25,"indUnk","Pisces",1,NA,NA,NA
3066719,0,27,"Technology","Pisces",0,0,NA,NA
3982753,0,24,"indUnk","Pisces",1,NA,NA,NA
3878306,0,14,"Student","Taurus",0,1,NA,NA
3330628,1,13,"Student","Virgo",0,1,NA,NA
3546432,1,47,"Consulting","Gemini",0,0,NA,NA
3372184,0,26,"Communications-Media","Pisces",0,0,NA,NA
3503201,0,27,"indUnk","Cancer",1,NA,NA,NA
3626700,1,15,"Student","Libra",0,1,NA,NA
3821176,1,42,"Education","Aquarius",0,0,NA,NA
4033738,0,13,"Student","Pisces",0,1,NA,NA
3656035,1,16,"indUnk","Leo",1,NA,NA,NA
3413492,0,27,"Manufacturing","Scorpio",0,0,NA,NA
3419991,1,24,"indUnk","Cancer",1,NA,NA,NA
3832385,0,24,"indUnk","Libra",1,NA,NA,NA
3515252,1,27,"Education","Virgo",0,0,NA,NA
1675646,0,25,"indUnk","Leo",1,NA,NA,NA
4042606,1,17,"Student","Capricorn",0,1,NA,NA
4008161,1,17,"indUnk","Taurus",1,NA,NA,NA
4138081,0,17,"Marketing","Sagittarius",0,0,NA,NA
3519860,1,16,"indUnk","Virgo",1,NA,NA,NA
4100934,1,23,"Arts","Sagittarius",0,0,NA,NA
3976199,1,17,"indUnk","Capricorn",1,NA,NA,NA
4115894,1,15,"indUnk","Virgo",1,NA,NA,NA
4240336,1,17,"Student","Scorpio",0,1,NA,NA
3469176,0,17,"Engineering","Scorpio",0,0,NA,NA
1550687,1,24,"Communications-Media","Sagittarius",0,0,NA,NA
1937270,0,36,"indUnk","Virgo",1,NA,NA,NA
3247172,1,36,"BusinessServices","Aries",0,0,NA,NA
4200309,0,27,"Communications-Media","Libra",0,0,NA,NA
3661106,1,16,"Student","Leo",0,1,NA,NA
3371580,0,15,"indUnk","Capricorn",1,NA,NA,NA
3376440,0,37,"Communications-Media","Aries",0,0,NA,NA
3721842,0,23,"Student","Aquarius",0,1,NA,NA
3350341,1,35,"Marketing","Cancer",0,0,NA,NA
4053312,1,33,"Architecture","Taurus",0,0,NA,NA
4141669,0,47,"Religion","Cancer",0,0,NA,NA
4236769,1,16,"Education","Sagittarius",0,0,NA,NA
3422339,1,15,"Sports-Recreation","Cancer",0,0,NA,NA
3623073,1,17,"Student","Capricorn",0,1,NA,NA
3206585,1,25,"HumanResources","Leo",0,0,NA,NA
3885215,1,27,"indUnk","Cancer",1,NA,NA,NA
3504445,1,15,"Student","Gemini",0,1,NA,NA
1694057,1,25,"Arts","Capricorn",0,0,NA,NA
3457789,0,15,"Student","Sagittarius",0,1,NA,NA
4257468,1,17,"Student","Pisces",0,1,NA,NA
3523319,0,24,"Internet","Pisces",0,0,NA,NA
3970082,1,26,"indUnk","Gemini",1,NA,NA,NA
3632466,0,25,"indUnk","Libra",1,NA,NA,NA
3929371,1,23,"Science","Aquarius",0,0,NA,NA
3642942,0,37,"Consulting","Taurus",0,0,NA,NA
4163734,0,14,"Student","Libra",0,1,NA,NA
3389016,1,27,"Technology","Aquarius",0,0,NA,NA
3768627,1,15,"indUnk","Aquarius",1,NA,NA,NA
4256858,0,25,"indUnk","Taurus",1,NA,NA,NA
2839449,1,26,"Biotech","Aries",0,0,NA,NA
2972526,1,25,"Consulting","Virgo",0,0,NA,NA
3558648,0,34,"Internet","Sagittarius",0,0,NA,NA
3344485,0,25,"indUnk","Capricorn",1,NA,NA,NA
3148889,1,26,"Communications-Media","Capricorn",0,0,NA,NA
3797536,0,16,"indUnk","Libra",1,NA,NA,NA
3426176,0,17,"Student","Aries",0,1,NA,NA
3705153,0,17,"Science","Scorpio",0,0,NA,NA
3802511,1,25,"indUnk","Libra",1,NA,NA,NA
4028811,1,24,"Communications-Media","Pisces",0,0,NA,NA
4198810,0,27,"indUnk","Sagittarius",1,NA,NA,NA
3377701,0,17,"Student","Libra",0,1,NA,NA
483266,0,33,"indUnk","Taurus",1,NA,NA,NA
3288591,0,37,"Internet","Cancer",0,0,NA,NA
3614613,0,14,"Student","Aquarius",0,1,NA,NA
3582331,1,23,"indUnk","Pisces",1,NA,NA,NA
3570813,1,24,"indUnk","Gemini",1,NA,NA,NA
3654666,0,24,"indUnk","Taurus",1,NA,NA,NA
3948533,1,41,"indUnk","Pisces",1,NA,NA,NA
3737568,0,16,"indUnk","Pisces",1,NA,NA,NA
4176051,1,45,"Consulting","Pisces",0,0,NA,NA
3776616,1,17,"Student","Sagittarius",0,1,NA,NA
3569188,1,14,"Student","Gemini",0,1,NA,NA
3428326,0,23,"Manufacturing","Leo",0,0,NA,NA
1156278,0,37,"Internet","Taurus",0,0,NA,NA
3490604,1,14,"Student","Cancer",0,1,NA,NA
3308717,0,25,"Technology","Sagittarius",0,0,NA,NA
1841346,1,35,"indUnk","Scorpio",1,NA,NA,NA
918175,1,27,"indUnk","Aquarius",1,NA,NA,NA
3464484,1,24,"indUnk","Aries",1,NA,NA,NA
2543400,0,17,"Student","Capricorn",0,1,NA,NA
174357,1,23,"indUnk","Aquarius",1,NA,NA,NA
3524887,0,25,"indUnk","Gemini",1,NA,NA,NA
4177364,0,36,"Transportation","Taurus",0,0,NA,NA
3683867,1,24,"Student","Leo",0,1,NA,NA
3340813,0,16,"Arts","Aquarius",0,0,NA,NA
2413978,0,15,"Education","Capricorn",0,0,NA,NA
3930072,1,17,"indUnk","Libra",1,NA,NA,NA
3613005,0,15,"indUnk","Gemini",1,NA,NA,NA
3601621,0,23,"indUnk","Gemini",1,NA,NA,NA
2957170,0,26,"indUnk","Aquarius",1,NA,NA,NA
1405024,1,24,"indUnk","Cancer",1,NA,NA,NA
1794926,1,23,"Communications-Media","Sagittarius",0,0,NA,NA
2004217,1,17,"Education","Leo",0,0,NA,NA
4238678,1,13,"Student","Pisces",0,1,NA,NA
4022853,0,17,"Student","Leo",0,1,NA,NA
2101657,0,36,"Technology","Aries",0,0,NA,NA
3551081,1,17,"Student","Sagittarius",0,1,NA,NA
3719046,1,15,"Student","Aquarius",0,1,NA,NA
3389942,0,17,"Technology","Gemini",0,0,NA,NA
3956613,0,36,"indUnk","Pisces",1,NA,NA,NA
4285920,0,24,"Education","Scorpio",0,0,NA,NA
3479211,1,27,"Advertising","Aries",0,0,NA,NA
3961392,1,14,"indUnk","Gemini",1,NA,NA,NA
3959121,1,15,"indUnk","Aquarius",1,NA,NA,NA
4154216,1,44,"indUnk","Gemini",1,NA,NA,NA
3818197,1,25,"Student","Cancer",0,1,NA,NA
4164945,0,16,"Student","Libra",0,1,NA,NA
3425069,0,23,"Technology","Libra",0,0,NA,NA
3336745,1,14,"indUnk","Capricorn",1,NA,NA,NA
3851875,1,34,"BusinessServices","Sagittarius",0,0,NA,NA
1826527,0,25,"Science","Cancer",0,0,NA,NA
4059083,0,41,"Communications-Media","Aries",0,0,NA,NA
3894428,1,17,"indUnk","Cancer",1,NA,NA,NA
3902340,0,35,"Communications-Media","Leo",0,0,NA,NA
3544112,1,23,"Arts","Libra",0,0,NA,NA
2863105,0,43,"Non-Profit","Cancer",0,0,NA,NA
3590069,1,24,"indUnk","Leo",1,NA,NA,NA
3323485,0,14,"Student","Sagittarius",0,1,NA,NA
4127797,0,25,"Student","Libra",0,1,NA,NA
3441713,1,17,"indUnk","Leo",1,NA,NA,NA
3309541,0,37,"Banking","Taurus",0,0,NA,NA
3767000,1,15,"Student","Libra",0,1,NA,NA
3413512,0,16,"Student","Pisces",0,1,NA,NA
3376420,1,15,"Student","Virgo",0,1,NA,NA
3308014,1,35,"indUnk","Libra",1,NA,NA,NA
3878084,0,13,"Student","Cancer",0,1,NA,NA
4072259,1,24,"indUnk","Capricorn",1,NA,NA,NA
3146933,1,17,"Student","Gemini",0,1,NA,NA
3810203,1,13,"indUnk","Gemini",1,NA,NA,NA
317581,0,26,"Technology","Scorpio",0,0,NA,NA
3677344,1,36,"Automotive","Cancer",0,0,NA,NA
3423418,0,25,"Student","Aries",0,1,NA,NA
3471740,1,27,"RealEstate","Capricorn",0,0,NA,NA
518116,1,27,"indUnk","Pisces",1,NA,NA,NA
2899366,0,17,"Student","Aquarius",0,1,NA,NA
3327596,1,15,"indUnk","Leo",1,NA,NA,NA
3447369,0,17,"indUnk","Aquarius",1,NA,NA,NA
3903607,1,25,"Law","Taurus",0,0,NA,NA
4303113,1,23,"indUnk","Leo",1,NA,NA,NA
2787343,0,14,"Education","Leo",0,0,NA,NA
3875375,0,14,"indUnk","Libra",1,NA,NA,NA
3923707,1,15,"Student","Leo",0,1,NA,NA
3431135,1,15,"Student","Libra",0,1,NA,NA
3638066,0,16,"Student","Scorpio",0,1,NA,NA
3600967,1,33,"Arts","Scorpio",0,0,NA,NA
3556371,0,13,"Student","Sagittarius",0,1,NA,NA
1599685,0,23,"Student","Capricorn",0,1,NA,NA
2190377,1,16,"Student","Gemini",0,1,NA,NA
3448971,1,15,"indUnk","Cancer",1,NA,NA,NA
3208138,0,13,"indUnk","Pisces",1,NA,NA,NA
3655173,0,26,"Law","Virgo",0,0,NA,NA
3480958,1,24,"Government","Gemini",0,0,NA,NA
3519292,0,14,"Student","Scorpio",0,1,NA,NA
3692874,0,15,"LawEnforcement-Security","Virgo",0,0,NA,NA
3252533,0,16,"indUnk","Scorpio",1,NA,NA,NA
3992091,1,26,"indUnk","Sagittarius",1,NA,NA,NA
3905634,0,17,"indUnk","Cancer",1,NA,NA,NA
4218355,0,24,"indUnk","Aries",1,NA,NA,NA
2536117,1,16,"Student","Scorpio",0,1,NA,NA
3631998,0,25,"Technology","Taurus",0,0,NA,NA
3499599,1,15,"Student","Aquarius",0,1,NA,NA
2108549,1,27,"Technology","Virgo",0,0,NA,NA
4292654,1,33,"Banking","Libra",0,0,NA,NA
4200075,0,14,"Student","Scorpio",0,1,NA,NA
3097708,1,16,"indUnk","Capricorn",1,NA,NA,NA
3724910,0,17,"Student","Virgo",0,1,NA,NA
3951300,0,16,"indUnk","Pisces",1,NA,NA,NA
3538351,1,17,"indUnk","Sagittarius",1,NA,NA,NA
3331655,0,13,"indUnk","Pisces",1,NA,NA,NA
3711841,0,16,"indUnk","Libra",1,NA,NA,NA
3332079,1,16,"indUnk","Cancer",1,NA,NA,NA
3438987,1,25,"indUnk","Pisces",1,NA,NA,NA
3682338,1,16,"Student","Aquarius",0,1,NA,NA
3325039,0,26,"indUnk","Aquarius",1,NA,NA,NA
3403416,0,27,"Banking","Gemini",0,0,NA,NA
3665752,0,26,"Arts","Sagittarius",0,0,NA,NA
3393040,0,26,"Religion","Libra",0,0,NA,NA
3845636,1,17,"Student","Cancer",0,1,NA,NA
3558872,1,47,"Education","Cancer",0,0,NA,NA
3380244,1,23,"Student","Gemini",0,1,NA,NA
4105180,1,15,"Student","Capricorn",0,1,NA,NA
3667102,1,46,"Law","Libra",0,0,NA,NA
3590380,1,37,"Government","Taurus",0,0,NA,NA
3917555,1,13,"Student","Aries",0,1,NA,NA
3780716,1,17,"Student","Aries",0,1,NA,NA
4117248,1,16,"indUnk","Pisces",1,NA,NA,NA
3827259,0,23,"indUnk","Cancer",1,NA,NA,NA
3466070,0,16,"Student","Pisces",0,1,NA,NA
1916038,1,14,"indUnk","Cancer",1,NA,NA,NA
3585158,1,27,"Non-Profit","Capricorn",0,0,NA,NA
3752323,0,24,"Science","Gemini",0,0,NA,NA
2965205,0,33,"indUnk","Gemini",1,NA,NA,NA
3745004,1,13,"Student","Pisces",0,1,NA,NA
3792732,1,26,"indUnk","Leo",1,NA,NA,NA
3481803,0,16,"Student","Capricorn",0,1,NA,NA
3599758,0,24,"Non-Profit","Aries",0,0,NA,NA
4144596,0,26,"indUnk","Aquarius",1,NA,NA,NA
3496909,1,16,"Education","Sagittarius",0,0,NA,NA
3753339,1,23,"Education","Taurus",0,0,NA,NA
3483306,0,23,"Manufacturing","Gemini",0,0,NA,NA
3957509,0,38,"Technology","Aquarius",0,0,NA,NA
3806681,0,24,"Telecommunications","Sagittarius",0,0,NA,NA
3619647,0,15,"indUnk","Pisces",1,NA,NA,NA
3889401,0,23,"Student","Taurus",0,1,NA,NA
4101011,1,23,"indUnk","Cancer",1,NA,NA,NA
4173964,0,16,"Student","Virgo",0,1,NA,NA
4051770,0,24,"Law","Sagittarius",0,0,NA,NA
2751885,1,24,"indUnk","Pisces",1,NA,NA,NA
3870139,0,16,"Student","Scorpio",0,1,NA,NA
3435900,1,34,"indUnk","Leo",1,NA,NA,NA
3602354,1,17,"Publishing","Capricorn",0,0,NA,NA
4224651,0,25,"Technology","Gemini",0,0,NA,NA
4206637,1,24,"Communications-Media","Capricorn",0,0,NA,NA
4312005,0,17,"indUnk","Scorpio",1,NA,NA,NA
4086028,0,17,"Student","Scorpio",0,1,NA,NA
3368285,0,27,"Tourism","Leo",0,0,NA,NA
3994022,1,24,"Consulting","Aries",0,0,NA,NA
3363764,0,27,"Architecture","Cancer",0,0,NA,NA
3065484,0,14,"Education","Pisces",0,0,NA,NA
3860954,1,17,"indUnk","Scorpio",1,NA,NA,NA
4165509,1,15,"Student","Libra",0,1,NA,NA
3894623,0,34,"Education","Libra",0,0,NA,NA
3325171,0,24,"Technology","Virgo",0,0,NA,NA
3327285,0,25,"Technology","Taurus",0,0,NA,NA
1225881,0,17,"Internet","Scorpio",0,0,NA,NA
477665,1,25,"indUnk","Leo",1,NA,NA,NA
4103386,0,13,"Student","Virgo",0,1,NA,NA
4213897,1,40,"Non-Profit","Gemini",0,0,NA,NA
3224168,1,15,"Student","Capricorn",0,1,NA,NA
3614153,0,24,"indUnk","Sagittarius",1,NA,NA,NA
3660667,0,16,"indUnk","Gemini",1,NA,NA,NA
3849830,0,13,"Student","Cancer",0,1,NA,NA
3235391,1,13,"indUnk","Taurus",1,NA,NA,NA
3497723,1,26,"Student","Taurus",0,1,NA,NA
3639495,1,24,"Education","Scorpio",0,0,NA,NA
3805349,0,14,"Student","Virgo",0,1,NA,NA
3860294,0,14,"indUnk","Capricorn",1,NA,NA,NA
3955951,0,47,"indUnk","Sagittarius",1,NA,NA,NA
3358017,1,23,"indUnk","Taurus",1,NA,NA,NA
3495545,0,26,"indUnk","Gemini",1,NA,NA,NA
3473164,1,25,"indUnk","Pisces",1,NA,NA,NA
3868312,0,25,"Education","Gemini",0,0,NA,NA
3937692,1,26,"indUnk","Virgo",1,NA,NA,NA
3700178,0,17,"Student","Libra",0,1,NA,NA
4321513,0,16,"Student","Taurus",0,1,NA,NA
3997969,1,15,"indUnk","Taurus",1,NA,NA,NA
3499629,1,14,"indUnk","Virgo",1,NA,NA,NA
4058677,0,25,"Advertising","Cancer",0,0,NA,NA
3580741,0,25,"Internet","Libra",0,0,NA,NA
4061665,0,25,"Advertising","Leo",0,0,NA,NA
3418474,0,15,"Student","Virgo",0,1,NA,NA
2824507,0,26,"Government","Libra",0,0,NA,NA
664485,0,25,"indUnk","Taurus",1,NA,NA,NA
2061087,1,33,"indUnk","Cancer",1,NA,NA,NA
4049268,0,17,"Military","Virgo",0,0,NA,NA
3990866,0,23,"Internet","Cancer",0,0,NA,NA
3366974,0,17,"Student","Libra",0,1,NA,NA
2711915,0,25,"Arts","Taurus",0,0,NA,NA
3400678,0,15,"indUnk","Leo",1,NA,NA,NA
3990427,1,25,"Banking","Sagittarius",0,0,NA,NA
2314011,1,23,"Student","Capricorn",0,1,NA,NA
3994011,0,38,"Government","Leo",0,0,NA,NA
4239436,0,17,"Technology","Capricorn",0,0,NA,NA
3739687,1,24,"Education","Virgo",0,0,NA,NA
4256898,1,15,"Student","Taurus",0,1,NA,NA
3751728,1,16,"Student","Taurus",0,1,NA,NA
2116991,0,33,"Internet","Virgo",0,0,NA,NA
3820930,1,23,"indUnk","Libra",1,NA,NA,NA
4125847,1,27,"indUnk","Gemini",1,NA,NA,NA
3545726,1,16,"Student","Aquarius",0,1,NA,NA
4150699,1,24,"indUnk","Aquarius",1,NA,NA,NA
4231133,1,13,"indUnk","Scorpio",1,NA,NA,NA
3451587,0,48,"indUnk","Capricorn",1,NA,NA,NA
3412947,0,26,"Internet","Gemini",0,0,NA,NA
3330196,0,23,"Marketing","Virgo",0,0,NA,NA
673235,0,37,"Internet","Capricorn",0,0,NA,NA
1292625,1,14,"indUnk","Taurus",1,NA,NA,NA
3650032,0,25,"Education","Aries",0,0,NA,NA
3907107,0,15,"Student","Libra",0,1,NA,NA
3908022,1,16,"Student","Pisces",0,1,NA,NA
3550869,0,25,"BusinessServices","Virgo",0,0,NA,NA
3685554,0,14,"Student","Gemini",0,1,NA,NA
3575606,1,24,"indUnk","Taurus",1,NA,NA,NA
3715376,1,17,"Student","Gemini",0,1,NA,NA
3502527,1,24,"indUnk","Scorpio",1,NA,NA,NA
3809990,0,38,"Military","Virgo",0,0,NA,NA
3998459,1,23,"Student","Cancer",0,1,NA,NA
3723604,0,15,"Student","Scorpio",0,1,NA,NA
4047559,0,24,"indUnk","Cancer",1,NA,NA,NA
4016792,1,45,"Construction","Capricorn",0,0,NA,NA
3700421,1,24,"Science","Aries",0,0,NA,NA
3558898,0,26,"indUnk","Aquarius",1,NA,NA,NA
4185692,1,15,"indUnk","Taurus",1,NA,NA,NA
3565927,0,25,"indUnk","Scorpio",1,NA,NA,NA
3500159,1,37,"Education","Pisces",0,0,NA,NA
3885952,0,24,"Technology","Aries",0,0,NA,NA
3309500,0,24,"Consulting","Taurus",0,0,NA,NA
3517315,1,23,"indUnk","Scorpio",1,NA,NA,NA
3647581,0,17,"Student","Sagittarius",0,1,NA,NA
4139489,0,16,"Student","Scorpio",0,1,NA,NA
3495224,0,16,"Student","Aries",0,1,NA,NA
3931951,1,16,"Student","Virgo",0,1,NA,NA
4204173,1,26,"Technology","Aquarius",0,0,NA,NA
3835812,1,47,"Non-Profit","Pisces",0,0,NA,NA
4293254,1,16,"Student","Cancer",0,1,NA,NA
4095362,1,16,"Education","Pisces",0,0,NA,NA
4130944,1,37,"Education","Aries",0,0,NA,NA
4256976,0,24,"indUnk","Capricorn",1,NA,NA,NA
808956,1,25,"Government","Aries",0,0,NA,NA
3746444,0,17,"Student","Leo",0,1,NA,NA
4242609,0,16,"Student","Aries",0,1,NA,NA
3833031,0,24,"indUnk","Aquarius",1,NA,NA,NA
3644724,1,36,"indUnk","Leo",1,NA,NA,NA
3099605,0,16,"Religion","Aries",0,0,NA,NA
4073027,1,33,"Transportation","Sagittarius",0,0,NA,NA
3700686,0,27,"Technology","Aquarius",0,0,NA,NA
4075287,0,15,"indUnk","Sagittarius",1,NA,NA,NA
3297517,1,27,"indUnk","Pisces",1,NA,NA,NA
4232070,0,16,"indUnk","Aries",1,NA,NA,NA
3753019,1,17,"Student","Libra",0,1,NA,NA
3857776,1,13,"indUnk","Taurus",1,NA,NA,NA
2490703,1,17,"Student","Libra",0,1,NA,NA
3952263,1,13,"indUnk","Cancer",1,NA,NA,NA
3452845,0,25,"Banking","Taurus",0,0,NA,NA
1196970,0,16,"indUnk","Sagittarius",1,NA,NA,NA
4142553,1,25,"indUnk","Pisces",1,NA,NA,NA
3816360,1,23,"Non-Profit","Pisces",0,0,NA,NA
4162455,0,40,"Internet","Cancer",0,0,NA,NA
3572448,0,23,"Student","Libra",0,1,NA,NA
3502783,1,25,"Non-Profit","Cancer",0,0,NA,NA
3494693,1,23,"Student","Gemini",0,1,NA,NA
2238828,1,23,"indUnk","Libra",1,NA,NA,NA
4178311,1,16,"indUnk","Cancer",1,NA,NA,NA
4284264,0,27,"Telecommunications","Gemini",0,0,NA,NA
950122,1,15,"Student","Virgo",0,1,NA,NA
4176168,0,15,"Student","Leo",0,1,NA,NA
4221834,1,24,"indUnk","Leo",1,NA,NA,NA
4021133,1,17,"indUnk","Libra",1,NA,NA,NA
3722603,0,16,"Arts","Capricorn",0,0,NA,NA
3319097,0,15,"Student","Sagittarius",0,1,NA,NA
3661997,1,13,"indUnk","Taurus",1,NA,NA,NA
3152463,0,17,"Student","Sagittarius",0,1,NA,NA
3471937,1,23,"BusinessServices","Libra",0,0,NA,NA
3481255,0,26,"indUnk","Sagittarius",1,NA,NA,NA
3239841,0,17,"Arts","Virgo",0,0,NA,NA
4044095,0,27,"indUnk","Cancer",1,NA,NA,NA
4261141,0,15,"Student","Sagittarius",0,1,NA,NA
3382977,0,15,"Student","Taurus",0,1,NA,NA
2693059,0,17,"Student","Aries",0,1,NA,NA
4186455,0,27,"Arts","Aries",0,0,NA,NA
2673530,0,33,"indUnk","Aries",1,NA,NA,NA
4199600,1,24,"indUnk","Pisces",1,NA,NA,NA
4030244,1,27,"indUnk","Pisces",1,NA,NA,NA
3850554,0,33,"Technology","Aquarius",0,0,NA,NA
4231869,1,17,"indUnk","Scorpio",1,NA,NA,NA
3766692,1,17,"indUnk","Pisces",1,NA,NA,NA
446275,1,17,"indUnk","Virgo",1,NA,NA,NA
3927367,1,15,"Student","Virgo",0,1,NA,NA
3309198,0,14,"Student","Cancer",0,1,NA,NA
3602089,0,15,"Student","Libra",0,1,NA,NA
3818324,1,17,"Fashion","Taurus",0,0,NA,NA
3496136,1,38,"indUnk","Libra",1,NA,NA,NA
4271044,0,23,"Student","Gemini",0,1,NA,NA
1835108,1,24,"indUnk","Taurus",1,NA,NA,NA
4066793,0,26,"Engineering","Aries",0,0,NA,NA
2694370,0,27,"indUnk","Taurus",1,NA,NA,NA
2510334,0,17,"Student","Pisces",0,1,NA,NA
979795,0,26,"Technology","Taurus",0,0,NA,NA
2606936,1,17,"Student","Virgo",0,1,NA,NA
3972921,0,35,"Technology","Aries",0,0,NA,NA
4255254,0,16,"indUnk","Virgo",1,NA,NA,NA
3485704,0,16,"Student","Pisces",0,1,NA,NA
3870574,0,17,"Student","Cancer",0,1,NA,NA
4179297,1,27,"Government","Aries",0,0,NA,NA
4052167,1,35,"Education","Libra",0,0,NA,NA
4110791,0,17,"Student","Virgo",0,1,NA,NA
3743431,1,27,"indUnk","Virgo",1,NA,NA,NA
4313487,0,26,"indUnk","Sagittarius",1,NA,NA,NA
1254400,0,34,"Religion","Leo",0,0,NA,NA
3586100,1,24,"Education","Leo",0,0,NA,NA
4271040,1,15,"Student","Aries",0,1,NA,NA
4141026,1,34,"Arts","Leo",0,0,NA,NA
485307,0,17,"indUnk","Cancer",1,NA,NA,NA
3417884,1,17,"indUnk","Leo",1,NA,NA,NA
2310335,0,15,"Student","Aries",0,1,NA,NA
4052963,1,14,"indUnk","Capricorn",1,NA,NA,NA
3431501,0,15,"indUnk","Sagittarius",1,NA,NA,NA
3302611,1,23,"indUnk","Cancer",1,NA,NA,NA
3670880,0,14,"Student","Capricorn",0,1,NA,NA
3863615,0,27,"Internet","Scorpio",0,0,NA,NA
3893735,0,17,"Student","Cancer",0,1,NA,NA
4184069,1,27,"Museums-Libraries","Leo",0,0,NA,NA
4067717,1,17,"Student","Taurus",0,1,NA,NA
4004415,1,27,"Law","Aries",0,0,NA,NA
3482303,1,33,"indUnk","Pisces",1,NA,NA,NA
3972276,0,17,"Education","Aquarius",0,0,NA,NA
2811560,1,15,"Student","Sagittarius",0,1,NA,NA
3291871,1,25,"Arts","Libra",0,0,NA,NA
4112653,1,15,"Student","Sagittarius",0,1,NA,NA
450169,0,17,"indUnk","Sagittarius",1,NA,NA,NA
4148541,0,15,"Student","Scorpio",0,1,NA,NA
3542735,0,26,"Advertising","Aries",0,0,NA,NA
942828,1,34,"indUnk","Cancer",1,NA,NA,NA
3993587,0,17,"Agriculture","Aquarius",0,0,NA,NA
825029,1,17,"Student","Aries",0,1,NA,NA
3568011,0,16,"Student","Leo",0,1,NA,NA
3881689,0,44,"indUnk","Taurus",1,NA,NA,NA
3901750,1,14,"indUnk","Sagittarius",1,NA,NA,NA
2278942,0,26,"Technology","Virgo",0,0,NA,NA
3716795,0,16,"indUnk","Sagittarius",1,NA,NA,NA
3969341,1,14,"Student","Cancer",0,1,NA,NA
3126039,1,17,"Student","Pisces",0,1,NA,NA
3686696,1,23,"Student","Aquarius",0,1,NA,NA
911744,0,23,"Telecommunications","Capricorn",0,0,NA,NA
4168666,0,24,"Government","Cancer",0,0,NA,NA
3801580,0,33,"indUnk","Cancer",1,NA,NA,NA
4229520,0,16,"indUnk","Scorpio",1,NA,NA,NA
4170570,1,25,"indUnk","Libra",1,NA,NA,NA
4007094,0,17,"indUnk","Gemini",1,NA,NA,NA
4156867,1,16,"Student","Sagittarius",0,1,NA,NA
3122944,1,24,"indUnk","Sagittarius",1,NA,NA,NA
4168699,0,15,"Student","Scorpio",0,1,NA,NA
3649624,0,16,"Student","Sagittarius",0,1,NA,NA
3838427,0,15,"indUnk","Taurus",1,NA,NA,NA
3566811,1,27,"Student","Gemini",0,1,NA,NA
3723475,1,15,"Student","Cancer",0,1,NA,NA
2903378,1,15,"indUnk","Capricorn",1,NA,NA,NA
4042056,1,15,"Arts","Virgo",0,0,NA,NA
2366391,1,25,"Arts","Libra",0,0,NA,NA
3290021,1,34,"Education","Aries",0,0,NA,NA
4213837,0,16,"Education","Virgo",0,0,NA,NA
1011311,1,17,"indUnk","Scorpio",1,NA,NA,NA
2864451,0,26,"Communications-Media","Taurus",0,0,NA,NA
3471727,1,24,"indUnk","Virgo",1,NA,NA,NA
2710453,0,25,"Architecture","Gemini",0,0,NA,NA
3324842,0,25,"Arts","Leo",0,0,NA,NA
3855724,1,34,"Education","Cancer",0,0,NA,NA
4154751,1,16,"Arts","Virgo",0,0,NA,NA
3662868,0,14,"Student","Gemini",0,1,NA,NA
2952959,1,24,"indUnk","Capricorn",1,NA,NA,NA
3801041,0,25,"Government","Pisces",0,0,NA,NA
4122908,0,16,"Arts","Scorpio",0,0,NA,NA
4176133,1,14,"Student","Scorpio",0,1,NA,NA
3738990,0,14,"Student","Virgo",0,1,NA,NA
4108504,0,15,"indUnk","Aries",1,NA,NA,NA
3976084,0,17,"indUnk","Scorpio",1,NA,NA,NA
3382799,1,26,"Consulting","Virgo",0,0,NA,NA
4133033,1,24,"indUnk","Virgo",1,NA,NA,NA
4227371,1,24,"indUnk","Libra",1,NA,NA,NA
3457392,0,23,"Internet","Taurus",0,0,NA,NA
4144593,0,16,"Student","Scorpio",0,1,NA,NA
4300342,0,33,"Manufacturing","Aries",0,0,NA,NA
3489929,1,25,"Student","Cancer",0,1,NA,NA
4311120,1,25,"indUnk","Cancer",1,NA,NA,NA
468786,0,45,"Religion","Aries",0,0,NA,NA
4097182,1,17,"Student","Leo",0,1,NA,NA
1188176,1,35,"Education","Leo",0,0,NA,NA
3889090,0,24,"Education","Pisces",0,0,NA,NA
4150492,1,24,"RealEstate","Pisces",0,0,NA,NA
3840303,0,27,"indUnk","Capricorn",1,NA,NA,NA
4042287,1,17,"indUnk","Capricorn",1,NA,NA,NA
2869535,1,24,"Student","Scorpio",0,1,NA,NA
4168492,1,36,"indUnk","Gemini",1,NA,NA,NA
4039381,0,24,"Consulting","Libra",0,0,NA,NA
3847790,1,36,"indUnk","Cancer",1,NA,NA,NA
3178789,0,36,"Publishing","Cancer",0,0,NA,NA
3493704,0,26,"Engineering","Cancer",0,0,NA,NA
3732159,0,27,"indUnk","Sagittarius",1,NA,NA,NA
4016135,0,36,"Technology","Gemini",0,0,NA,NA
4159699,1,14,"Student","Taurus",0,1,NA,NA
4043736,1,23,"Arts","Sagittarius",0,0,NA,NA
3483262,0,24,"Banking","Libra",0,0,NA,NA
3616679,1,47,"indUnk","Cancer",1,NA,NA,NA
4100455,1,24,"Religion","Cancer",0,0,NA,NA
3826242,0,42,"indUnk","Aries",1,NA,NA,NA
2959033,1,24,"indUnk","Cancer",1,NA,NA,NA
4149956,1,45,"Law","Sagittarius",0,0,NA,NA
1039908,1,16,"indUnk","Gemini",1,NA,NA,NA
3992553,1,23,"indUnk","Aries",1,NA,NA,NA
2228840,0,33,"Technology","Aries",0,0,NA,NA
3294176,0,37,"indUnk","Leo",1,NA,NA,NA
3559653,1,25,"Student","Gemini",0,1,NA,NA
3335423,1,33,"HumanResources","Sagittarius",0,0,NA,NA
3693954,1,14,"Internet","Leo",0,0,NA,NA
3242831,0,16,"indUnk","Taurus",1,NA,NA,NA
4284876,1,14,"indUnk","Gemini",1,NA,NA,NA
3875285,1,43,"Education","Pisces",0,0,NA,NA
2542729,0,26,"Technology","Scorpio",0,0,NA,NA
3840766,1,48,"indUnk","Libra",1,NA,NA,NA
4043476,0,15,"Student","Cancer",0,1,NA,NA
3348721,0,26,"Technology","Libra",0,0,NA,NA
3294001,1,17,"indUnk","Capricorn",1,NA,NA,NA
